label_id,record,check_id,claim,element,state,relationship,source,url,tier,reasoning,justified,kind,note
t01_brexit/c1/e1/ev-06cbaa2b1b96,t01_brexit,6e335f2d-3eb8-44b6-b639-61d7113809a4,1,1,supported,supports,ec.europa.eu,https://ec.europa.eu/newsroom/councileu/items/663312/en,primary,States that the UK left the European Union on 31 January 2020 at midnight (CET) after 47 years.,,,
t01_brexit/c1/e1/ev-8729f7046e57,t01_brexit,6e335f2d-3eb8-44b6-b639-61d7113809a4,1,1,supported,supports,niassembly.gov.uk,https://www.niassembly.gov.uk/assembly-business/brexit-and-beyond/brexit-questions-and-answers/,primary,Confirms that Northern Ireland and the rest of the UK left the EU on 31 January 2020.,,,
t01_brexit/c1/e1/ev-84b4128c32f9,t01_brexit,6e335f2d-3eb8-44b6-b639-61d7113809a4,1,1,supported,supports,guides.loc.gov,https://guides.loc.gov/brexit,primary,"Identifies January 31, 2020 as the date Brexit occurred before entering the transition period.",,,
t01_brexit/c1/e1/ev-373f6f35ad1a,t01_brexit,6e335f2d-3eb8-44b6-b639-61d7113809a4,1,1,supported,supports,commonslibrary.parliament.uk,https://commonslibrary.parliament.uk/research-briefings/cbp-7960/,primary,"Records that at 11pm on 31 January 2020, the UK left the EU and entered a transition period.",,,
t01_brexit/c1/e1/ev-125b142005c8,t01_brexit,6e335f2d-3eb8-44b6-b639-61d7113809a4,1,1,supported,supports,niassembly.gov.uk,https://www.niassembly.gov.uk/assembly-business/brexit-and-beyond/timeline-and-key-documents/,primary,Lists official timeline record confirming the United Kingdom officially left the EU at 11pm on 31 January 2020.,,,
t01_brexit/c1/e2/ev-4e951257bf82,t01_brexit,6e335f2d-3eb8-44b6-b639-61d7113809a4,1,2,supported,supports,lordslibrary.parliament.uk,https://lordslibrary.parliament.uk/uk-eu-relations-proposals-for-customs-union-and-connections-with-the-eu-single-market/,primary,Confirms the UK left the EU single market at the end of the Brexit transition period on 31 December 2020.,,,
t01_brexit/c1/e2/ev-637951569c4d,t01_brexit,6e335f2d-3eb8-44b6-b639-61d7113809a4,1,2,supported,supports,instituteforgovernment.org.uk,https://www.instituteforgovernment.org.uk/article/explainer/brexit-transition-period,commentary,States the UK remained a member of the single market and subject to EU law from 31 January 2020 until 31 December 2020.,,,
t01_brexit/c1/e2/ev-14d5df4efbfd,t01_brexit,6e335f2d-3eb8-44b6-b639-61d7113809a4,1,2,supported,supports,aeb.com,https://www.aeb.com/en/glossary/transition-period.php,commentary,"Confirms that during the transition period running until 31 December 2020, the UK remained part of the EU single market.",,,
t01_brexit/c1/e2/ev-fca1275ef5cd,t01_brexit,6e335f2d-3eb8-44b6-b639-61d7113809a4,1,2,supported,supports,commonslibrary.parliament.uk,https://commonslibrary.parliament.uk/end-of-the-brexit-transition-period-what-will-change/,primary,Confirms the UK remained in the single market until its scheduled exit at 11pm GMT on 31 December 2020.,,,
t01_brexit/c1/e3/ev-851396749a43,t01_brexit,6e335f2d-3eb8-44b6-b639-61d7113809a4,1,3,supported,supports,ukandeu.ac.uk,https://ukandeu.ac.uk/explainers/explainer-customs-unions/,commentary,Confirms the UK remained a member of the EU customs union until leaving at the end of the transition period in December 2020.,,,
t01_brexit/c1/e3/ev-4e951257bf82,t01_brexit,6e335f2d-3eb8-44b6-b639-61d7113809a4,1,3,supported,supports,lordslibrary.parliament.uk,https://lordslibrary.parliament.uk/uk-eu-relations-proposals-for-customs-union-and-connections-with-the-eu-single-market/,primary,States that the UK left the EU customs union at the end of the transition period on 31 December 2020.,,,
t01_brexit/c1/e3/ev-637951569c4d,t01_brexit,6e335f2d-3eb8-44b6-b639-61d7113809a4,1,3,supported,supports,instituteforgovernment.org.uk,https://www.instituteforgovernment.org.uk/article/explainer/brexit-transition-period,commentary,States the UK remained a member of the customs union throughout the transition period ending 31 December 2020.,,,
t01_brexit/c1/e3/ev-14d5df4efbfd,t01_brexit,6e335f2d-3eb8-44b6-b639-61d7113809a4,1,3,supported,supports,aeb.com,https://www.aeb.com/en/glossary/transition-period.php,commentary,Affirms the UK remained part of the EU customs union during the transition period ending 31 December 2020.,,,
t01_brexit/c1/e3/ev-fca1275ef5cd,t01_brexit,6e335f2d-3eb8-44b6-b639-61d7113809a4,1,3,supported,supports,commonslibrary.parliament.uk,https://commonslibrary.parliament.uk/end-of-the-brexit-transition-period-what-will-change/,primary,Confirms the UK remained in the customs union until exiting at 11pm GMT on 31 December 2020.,,,
t02_select/c1/e1/ev-de0e2c3ecaff,t02_select,93d13b08-44b3-41ee-97e3-e6b1b3c90294,1,1,supported,supports,imedic.health,https://imedic.health/en/health/news/semaglutide-heart-benefits-infection-mortality-signal,reporting,"Reports that over 40 months of follow-up in the SELECT trial, cardiovascular death, nonfatal heart attack, or nonfatal stroke occurred 20% less often in the semaglutide group.",,,
t02_select/c1/e1/ev-3307641904ff,t02_select,93d13b08-44b3-41ee-97e3-e6b1b3c90294,1,1,supported,supports,wikijournalclub.org,https://www.wikijournalclub.org/wiki/SELECT,commentary,"Confirms the SELECT trial demonstrated semaglutide significantly reduced nonfatal myocardial infarction, stroke, or CV mortality compared to placebo (6.5% vs 8.0%, HR 0.80, P<0.001).",,,
t02_select/c1/e1/ev-b6cd882c2f82,t02_select,93d13b08-44b3-41ee-97e3-e6b1b3c90294,1,1,supported,supports,theguardian.com,https://www.theguardian.com/science/2025/oct/22/weight-loss-drug-cuts-heart-attack-risk-no-matter-how-many-kgs-are-shed-study-finds,reporting,States that the SELECT trial data showed semaglutide reduced the risk of major adverse cardiac events by 20% in participants aged 45 and over.,,,
t02_select/c1/e1/ev-4c5d36a45a4a,t02_select,93d13b08-44b3-41ee-97e3-e6b1b3c90294,1,1,supported,supports,nejm.org,https://www.nejm.org/doi/full/10.1056/NEJMoa2307563,primary,Notes that semaglutide improved cardiovascular outcomes in this clinical trial compared to prior interventions.,,,
t02_select/c1/e2/ev-d9da31f9ffaa,t02_select,93d13b08-44b3-41ee-97e3-e6b1b3c90294,1,2,disputed,challenges,onedaymd.aestheticsadvisor.com,https://onedaymd.aestheticsadvisor.com/2026/08/SELECT-STEP-SURPASS-FLOW-GLP1-clinical-trials.html,commentary,"Shows the SELECT trial was restricted to adults aged 45 or older with a BMI >= 27, established CVD, and no diabetes, contradicting universal applicability to all overweight individuals.",,,
t02_select/c1/e2/ev-d41af90ab2b5,t02_select,93d13b08-44b3-41ee-97e3-e6b1b3c90294,1,2,disputed,challenges,vitalsdaily.com,https://vitalsdaily.com/2026/08/19/semaglutide-select-trial-anti-inflammatory-cardiovascular-protection/,commentary,"Highlights that participants were required to have established cardiovascular disease and were aged 45 or older with diabetes excluded, refuting universality.",,,
t02_select/c1/e2/ev-af3f6c39eea3,t02_select,93d13b08-44b3-41ee-97e3-e6b1b3c90294,1,2,disputed,challenges,news-medical.net,https://www.news-medical.net/news/20260824/Semaglutidee28099s-heart-benefits-may-partly-involve-reduced-inflammation.aspx,reporting,"Confirms trial participants all had pre-existing established atherosclerotic cardiovascular disease and no diabetes, limiting the population scope.",,,
t02_select/c1/e2/ev-e034ece5a149,t02_select,93d13b08-44b3-41ee-97e3-e6b1b3c90294,1,2,disputed,challenges,news-medical.net,https://www.news-medical.net/news/20251026/Semaglutide-protects-the-heart-beyond-weight-loss-SELECT-trial-shows.aspx,reporting,"Specifies that SELECT eligibility required patients to be at least 45 years old with established cardiovascular disease, directly contradicting a universal benefit.",,,
t02_select/c1/e2/ev-62dde1ceb4a5,t02_select,93d13b08-44b3-41ee-97e3-e6b1b3c90294,1,2,disputed,challenges,thelancet.com,https://www.thelancet.com/journals/lancet/article/PIIS0140-6736(25)01375-3/fulltext,primary,"The SELECT trial population was restricted to patients with cardiovascular disease, directly challenging the claim that the benefit applies universally to every overweight individual.",,,
t02_select/c1/e3/ev-8448f5a1b7f0,t02_select,93d13b08-44b3-41ee-97e3-e6b1b3c90294,1,3,disputed,challenges,news-medical.net,https://www.news-medical.net/news/20260402/Wegovyc2ae-(semaglutide-injection)-24-mg-recommended-by-NICE-to-reduce-risk-of-major-adverse-cardiovascular-events-including-heart-attacks-and-strokes-in-adults-with-established-cardiovascular-disease-and-overweight-or-obesity.aspx,reporting,Reports that the 20% reduction was a relative risk reduction (HR 0.80) and that the absolute risk reduction was only 1.5 percentage points (6.5% vs 8.0%).,,,
t02_select/c1/e3/ev-76218fac2751,t02_select,93d13b08-44b3-41ee-97e3-e6b1b3c90294,1,3,disputed,challenges,novomedlink.com,https://www.novomedlink.com/obesity/products/treatments/wegovy/efficacy-safety/reduce-mace-risk.html,primary,Explicitly notes that semaglutide demonstrated a 20% relative risk reduction (RRR) but an absolute risk reduction (ARR) of only 1.5%.,,,
t02_select/c1/e3/ev-75357b9b7190,t02_select,93d13b08-44b3-41ee-97e3-e6b1b3c90294,1,3,disputed,challenges,cardionerds.com,https://www.cardionerds.com/cardsjc-semaglutide-and-cardiovascular-outcomes-in-obesity-without-diabetes-select-trial/,primary,"Shows the primary composite endpoint occurred in 6.5% of semaglutide patients versus 8.0% of placebo patients, contradicting an absolute reduction of 20%.",,,
t03_creatine/c1/e2/ev-0dc82cde920b,t03_creatine,9955b0e4-4763-45ac-b7fa-4aa64247e8bc,1,2,supported,supports,livehealthy.muhealth.org,https://livehealthy.muhealth.org/stories/want-bigger-gains-your-brain-6-facts-about-creatine-and-brain-health,reporting,Confirms that the standard typical daily dosage of creatine is 5 grams.,,,
t03_creatine/c1/e2/ev-89f3b48b21a4,t03_creatine,9955b0e4-4763-45ac-b7fa-4aa64247e8bc,1,2,supported,supports,urmc.rochester.edu,https://www.urmc.rochester.edu/news/publications/health-matters/creatine-for-beginners-should-you-take-it,reporting,States that a daily dose of 5 grams per day is appropriate for most individuals.,,,
t03_creatine/c1/e2/ev-3a3cfa12d41b,t03_creatine,9955b0e4-4763-45ac-b7fa-4aa64247e8bc,1,2,supported,supports,health.harvard.edu,https://www.health.harvard.edu/exercise-and-fitness/what-is-creatine-potential-benefits-and-risks-of-this-popular-supplement,reporting,Reports that the general recommendation and safe adult dose for creatine supplementation is 3 to 5 grams per day.,,,
t03_creatine/c1/e2/ev-1d0a841f8aae,t03_creatine,9955b0e4-4763-45ac-b7fa-4aa64247e8bc,1,2,supported,supports,cedars-sinai.org,https://www.cedars-sinai.org/stories-and-insights/healthy-living/should-you-take-creatine-what-to-know-before-you-supplement,reporting,Identifies the standard clinically effective dose of creatine as 3 to 5 grams per day.,,,
t03_creatine/c1/e2/ev-6f5afaebeedd,t03_creatine,9955b0e4-4763-45ac-b7fa-4aa64247e8bc,1,2,supported,supports,uclahealth.org,https://www.uclahealth.org/news/article/why-everyones-talking-about-creatine,reporting,Notes that 3 to 5 grams daily is sufficient for most adults taking creatine.,,,
t03_creatine/c1/e2/ev-af39352b160a,t03_creatine,9955b0e4-4763-45ac-b7fa-4aa64247e8bc,1,2,supported,supports,cooperaerobics.com,https://www.cooperaerobics.com/blog/how-much-creatine-should-i-take-a-simple-guide-for-adults/,commentary,"This commentary notes that most clinical studies use 3 to 5 grams of creatine monohydrate per day, supporting the dose specified in the element.",,,
t03_creatine/c1/e4/ev-0cec55266aec,t03_creatine,9955b0e4-4763-45ac-b7fa-4aa64247e8bc,1,4,disputed,challenges,alzdiscovery.org,https://www.alzdiscovery.org/cognitive-vitality/ratings/creatine,commentary,Reports that clinical trials to date have not shown any protective effect against neurodegenerative diseases from creatine supplementation.,,,
t04_jwst/c1/e1/ev-13160ec05246,t04_jwst,431d6fea-3777-417a-b954-be9264b90ce6,1,1,disputed,challenges,science.nasa.gov,https://science.nasa.gov/mission/webb/orbit/,primary,"Confirms that Webb orbits the Sun at the second Lagrange point (L2) 1.5 million km away, while Hubble is the telescope orbiting Earth every 90 minutes.",,,
t04_jwst/c1/e1/ev-bc0879787253,t04_jwst,431d6fea-3777-417a-b954-be9264b90ce6,1,1,disputed,challenges,skyatnightmagazine.com,https://www.skyatnightmagazine.com/space-missions/nasa-james-webb-space-telescope-observe-universe,reporting,"Explains that Hubble orbits Earth every 90 minutes, whereas the James Webb Space Telescope is positioned at L2.",,,
t04_jwst/c1/e1/ev-d0bd1487cd5f,t04_jwst,431d6fea-3777-417a-b954-be9264b90ce6,1,1,disputed,challenges,reddit.com,https://www.reddit.com/r/jameswebb/comments/rxkach/why_doesnt_the_jwst_stay_in_the_earths_shadow/,commentary,"Clarifies that Hubble goes in and out of Earth's shadow every 90 minutes, unlike Webb.",,,
t04_jwst/c1/e1/ev-8d4392521c0e,t04_jwst,431d6fea-3777-417a-b954-be9264b90ce6,1,1,disputed,challenges,orbitalradar.com,https://orbitalradar.com/satellites/james-webb,primary,States that JWST orbits the Sun-Earth L2 Lagrange point approximately 1.5 million km from Earth rather than orbiting Earth.,,,
t04_jwst/c1/e1/ev-70b58f16587d,t04_jwst,431d6fea-3777-417a-b954-be9264b90ce6,1,1,disputed,challenges,space.com,https://www.space.com/21925-james-webb-space-telescope-jwst.html,reporting,Notes that JWST orbits the Sun around L2 nearly 1.5 million kilometres from Earth.,,,
t04_jwst/c1/e1/ev-3c5d95ad6d09,t04_jwst,431d6fea-3777-417a-b954-be9264b90ce6,1,1,disputed,challenges,esahubble.org,https://esahubble.org/wordbank/james-webb-space-telescope/,primary,"Reports that Webb orbits the L2 Lagrange point 1.5 million kilometres from Earth, not Earth itself.",,,
t04_jwst/c1/e2/ev-be8a234081c1,t04_jwst,431d6fea-3777-417a-b954-be9264b90ce6,1,2,supported,supports,science.nasa.gov,https://science.nasa.gov/mission/webb/webbs-mirrors/,primary,Confirms that Webb's primary mirror measures 6.5 meters across.,,,
t04_jwst/c1/e2/ev-39463b5da542,t04_jwst,431d6fea-3777-417a-b954-be9264b90ce6,1,2,supported,supports,svs.gsfc.nasa.gov,https://svs.gsfc.nasa.gov/13521,primary,States that the James Webb Space Telescope primary mirror is 6.5 meters across.,,,
t04_jwst/c1/e2/ev-985384df10e7,t04_jwst,431d6fea-3777-417a-b954-be9264b90ce6,1,2,supported,supports,esawebb.org,https://esawebb.org/about/general/mirrors/,primary,Confirms the total diameter of Webb's primary mirror spans 6.5 metres.,,,
t04_jwst/c1/e2/ev-265c30d77216,t04_jwst,431d6fea-3777-417a-b954-be9264b90ce6,1,2,supported,supports,eoportal.org,https://www.eoportal.org/satellite-missions/jwst,reporting,Reports that JWST features a 6.5-meter mirror.,,,
t04_jwst/c1/e2/ev-c8d6d11875c5,t04_jwst,431d6fea-3777-417a-b954-be9264b90ce6,1,2,supported,supports,planetary.org,https://www.planetary.org/space-missions/james-webb-space-telescope,reporting,Confirms JWST is equipped with a 6.5-meter primary mirror.,,,
t04_jwst/c1/e3/ev-4a795b1ef4d5,t04_jwst,431d6fea-3777-417a-b954-be9264b90ce6,1,3,supported,supports,science.nasa.gov,https://science.nasa.gov/mission/webb/launch/,primary,"Confirms Webb was launched on December 25, 2021 on an Ariane 5 rocket.",,,
t04_jwst/c1/e3/ev-5bb6f1e2cfb7,t04_jwst,431d6fea-3777-417a-b954-be9264b90ce6,1,3,supported,supports,jwst.arizona.edu,https://jwst.arizona.edu/mission,commentary,States that the telescope was launched on an Ariane 5 rocket in December 2021.,,,
t04_jwst/c1/e3/ev-992db65965fc,t04_jwst,431d6fea-3777-417a-b954-be9264b90ce6,1,3,supported,supports,orbitalradar.com,https://orbitalradar.com/jwst-tracker,primary,Reports that JWST was launched on 25 December 2021 from French Guiana.,,,
t04_jwst/c1/e3/ev-71a86954d832,t04_jwst,431d6fea-3777-417a-b954-be9264b90ce6,1,3,supported,supports,livescience.com,https://www.livescience.com/space/science-history-james-webb-space-telescope-launches-and-promptly-cracks-our-view-of-the-universe-dec-25-2021,reporting,"Confirms the James Webb Space Telescope launched on Dec. 25, 2021.",,,
t04_jwst/c1/e3/ev-3b1c2ec15952,t04_jwst,431d6fea-3777-417a-b954-be9264b90ce6,1,3,supported,supports,science.nasa.gov,https://science.nasa.gov/mission/webb/webb-mission-timeline/,primary,"Records the exact launch of Webb at 7:20 a.m. EST on December 25, 2021.",,,
t05_bankrate_425/c1/e1/ev-4679b0262a85,t05_bankrate_425,ebd80071-93a5-496a-b3c3-511df37d4211,1,1,disputed,challenges,sofrrate.com,https://www.sofrrate.com/global-rates,primary,"States that the official Bank of England Bank Rate was 3.75% on 7 September 2026, directly contradicting the claimed 4.25%.",,,
t05_bankrate_425/c1/e1/ev-25ce14b0c549,t05_bankrate_425,ebd80071-93a5-496a-b3c3-511df37d4211,1,1,disputed,challenges,tradingeconomics.com,https://tradingeconomics.com/united-kingdom/interest-rate,primary,Confirms the Bank of England maintained the Bank Rate at 3.75% through September 2026 rather than 4.25%.,,,
t05_bankrate_425/c1/e1/ev-18bfd14497d4,t05_bankrate_425,ebd80071-93a5-496a-b3c3-511df37d4211,1,1,disputed,challenges,committees.parliament.uk,https://committees.parliament.uk/event/28071/formal-meeting-oral-evidence-session/,primary,Official parliamentary evidence from 8 September 2026 confirms the MPC's decision to hold the Bank Rate at 3.75%.,,,
t06_sweden_focus/c1/e1/ev-842a98804320,t06_sweden_focus,c155560a-94d3-4e00-b3cf-a718f05c5818,1,1,supported,supports,nature.com,https://www.nature.com/articles/s41598-023-45934-2,primary,States that Sweden decided not to implement a mandatory lockdown and instead relied on voluntary recommendations.,,,
t06_sweden_focus/c1/e1/ev-c34671aaaa72,t06_sweden_focus,c155560a-94d3-4e00-b3cf-a718f05c5818,1,1,supported,supports,cato.org,https://www.cato.org/policy-analysis/sweden-during-pandemic,commentary,"Confirms Sweden stood out during the pandemic by refusing lockdowns, school closures, and mask mandates.",,,
t06_sweden_focus/c1/e1/ev-9ffa8d538702,t06_sweden_focus,c155560a-94d3-4e00-b3cf-a718f05c5818,1,1,supported,supports,preventionweb.net,https://www.preventionweb.net/news/did-swedens-controversial-covid-strategy-pay-many-ways-it-did-it-let-elderly-down,reporting,"Notes that Sweden did not impose lockdowns during the COVID-19 pandemic, relying instead on public health recommendations.",,,
t06_sweden_focus/c1/e1/ev-486a5114439c,t06_sweden_focus,c155560a-94d3-4e00-b3cf-a718f05c5818,1,1,supported,supports,frontiersin.org,https://www.frontiersin.org/journals/public-health/articles/10.3389/fpubh.2023.1206732/full,primary,"Confirms Sweden did not enforce strict lockdown measures, relying on voluntary mitigation recommendations.",,,
t06_sweden_focus/c1/e1/ev-0ef47dcd1457,t06_sweden_focus,c155560a-94d3-4e00-b3cf-a718f05c5818,1,1,supported,supports,bbc.com,https://www.bbc.com/future/article/20250304-the-countries-that-never-locked-down-for-covid-19,reporting,Reports that Sweden never enacted a lockdown involving legally binding stay-at-home orders or severe restrictions.,,,
t06_sweden_focus/c1/e1/ev-3ebb1b81c81c,t06_sweden_focus,c155560a-94d3-4e00-b3cf-a718f05c5818,1,1,supported,supports,ons.gov.uk,https://www.ons.gov.uk/peoplepopulationandcommunity/birthsdeathsandmarriages/deaths/articles/comparisonsofallcausemortalitybetweeneuropeancountriesandregions/januarytojune2020,primary,Highlights Sweden's policy difference where no mandatory lockdown was imposed upon the population.,,,
t06_sweden_focus/c1/e2/ev-842a98804320,t06_sweden_focus,c155560a-94d3-4e00-b3cf-a718f05c5818,1,2,disputed,challenges,nature.com,https://www.nature.com/articles/s41598-023-45934-2,primary,"Estimates that up to 4,411 deaths could have been avoided in Sweden between February and September 2020 had a mandatory lockdown been implemented, contradicting the claim that avoiding lockdown drove positive mortality outcomes.",,,
t06_sweden_focus/c1/e2/ev-db780f394c50,t06_sweden_focus,c155560a-94d3-4e00-b3cf-a718f05c5818,1,2,disputed,challenges,link.springer.com,https://link.springer.com/article/10.1186/s13690-025-01531-5,primary,"Finds that despite vastly different policy approaches across Nordic countries, the long-term impact on excess mortality was similar, challenging the causal role of the no-lockdown policy.",,,
t06_sweden_focus/c1/e3/ev-cf9a71f6f6ee,t06_sweden_focus,c155560a-94d3-4e00-b3cf-a718f05c5818,1,3,disputed,challenges,ons.gov.uk,https://www.ons.gov.uk/peoplepopulationandcommunity/birthsdeathsandmarriages/deaths/articles/comparisonsofallcausemortalitybetweeneuropeancountriesandregions/28december2019toweekending1july2022,primary,"Official data shows Norway had the lowest relative cumulative excess mortality in Europe (-4.1%), placing Sweden second lowest (-4.0%).",,,
t06_sweden_focus/c1/e3/ev-9ffa8d538702,t06_sweden_focus,c155560a-94d3-4e00-b3cf-a718f05c5818,1,3,disputed,challenges,preventionweb.net,https://www.preventionweb.net/news/did-swedens-controversial-covid-strategy-pay-many-ways-it-did-it-let-elderly-down,reporting,"Reports that Norway recorded lower excess mortality than Sweden, contradicting the claim that Sweden had lower mortality than every other European country.",,,
t06_sweden_focus/c1/e3/ev-db780f394c50,t06_sweden_focus,c155560a-94d3-4e00-b3cf-a718f05c5818,1,3,disputed,challenges,link.springer.com,https://link.springer.com/article/10.1186/s13690-025-01531-5,primary,Reports that cumulative excess mortality between January 2020 and April 2022 was lowest in Iceland among Nordic countries.,,,
t06_sweden_focus/c1/e3/ev-223a9355ba33,t06_sweden_focus,c155560a-94d3-4e00-b3cf-a718f05c5818,1,3,disputed,challenges,journals.sagepub.com,https://journals.sagepub.com/doi/10.1177/14034948211047137,primary,"Contradicts the element by reporting that all-cause mortality increased in Sweden during 2020 compared to previous years, challenging the claim of universally lower excess mortality.",,,
t07_sqlite_busy/c1/e1/ev-296b8fe725bc,t07_sqlite_busy,00a19ec2-1531-435a-8c52-ee059f14e852,1,1,supported,supports,sqliteforum.com,https://www.sqliteforum.com/p/sqlite-wal-internals-frames-commits,commentary,"Confirms that in WAL mode, a writer operates without blocking readers and readers do not block the writer.",,,
t07_sqlite_busy/c1/e1/ev-6f010fe465d3,t07_sqlite_busy,00a19ec2-1531-435a-8c52-ee059f14e852,1,1,supported,supports,reddit.com,https://www.reddit.com/r/learnprogramming/comments/1l82ohn/confused_about_sqlite_and_concurrency/,commentary,States that readers and writers do not block each other in WAL mode.,,,
t07_sqlite_busy/c1/e1/ev-452faa47894f,t07_sqlite_busy,00a19ec2-1531-435a-8c52-ee059f14e852,1,1,supported,supports,berthub.eu,https://berthub.eu/articles/posts/a-brief-post-on-sqlite3-database-locked-despite-timeout/,commentary,Notes SQLite's concurrency promise in WAL mode that readers do not block writers and a writer does not block readers.,,,
t07_sqlite_busy/c1/e1/ev-52694c1c64a1,t07_sqlite_busy,00a19ec2-1531-435a-8c52-ee059f14e852,1,1,supported,supports,powersync.com,https://powersync.com/blog/sqlite-persistence-on-the-web,commentary,Explains that WAL journal mode allows read transactions to execute concurrently with a write transaction.,,,
t07_sqlite_busy/c1/e1/ev-35c130f56f3f,t07_sqlite_busy,00a19ec2-1531-435a-8c52-ee059f14e852,1,1,supported,supports,github.com,https://github.com/cashubtc/nutshell/issues/907,primary,Confirms that setting PRAGMA journal_mode=WAL allows concurrent reads during writes.,,,
t07_sqlite_busy/c1/e2/ev-d545fde7c51e,t07_sqlite_busy,00a19ec2-1531-435a-8c52-ee059f14e852,1,2,disputed,challenges,coddy.tech,https://coddy.tech/docs/sqlite/wal-mode-and-concurrency,commentary,Demonstrates that SQLite still serializes writes in WAL mode and raises SQLITE_BUSY if two connections attempt to write at the same time.,,,
t07_sqlite_busy/c1/e2/ev-5a70701234a8,t07_sqlite_busy,00a19ec2-1531-435a-8c52-ee059f14e852,1,2,disputed,challenges,sqlite.org,https://sqlite.org/rescode.html,primary,Explains that SQLITE_BUSY occurs whenever a transaction attempts to write while another write transaction is in progress.,,,
t07_sqlite_busy/c1/e3/ev-d8d272177c2b,t07_sqlite_busy,00a19ec2-1531-435a-8c52-ee059f14e852,1,3,disputed,challenges,news.ycombinator.com,https://news.ycombinator.com/item?id=45781519,commentary,Notes that only one writer is allowed at a time in WAL mode and write lock contention triggers SQLITE_BUSY errors.,,,
t07_sqlite_busy/c1/e3/ev-ff66f2f5502e,t07_sqlite_busy,00a19ec2-1531-435a-8c52-ee059f14e852,1,3,disputed,challenges,reddit.com,https://www.reddit.com/r/golang/comments/1exk981/sqlite_database_is_locked_with_wal_mode/,commentary,Explicitly confirms that writers conflict with other writers in WAL mode.,,,
t07_sqlite_busy/c1/e3/ev-4c0379fc2c14,t07_sqlite_busy,00a19ec2-1531-435a-8c52-ee059f14e852,1,3,disputed,challenges,tenthousandmeters.com,https://tenthousandmeters.com/blog/sqlite-concurrent-writes-and-database-is-locked-errors/,commentary,States that concurrent write transactions can fail with database locked errors even in WAL mode due to the single-writer limit.,,,
t07_sqlite_busy/c1/e3/ev-302b4841bc95,t07_sqlite_busy,00a19ec2-1531-435a-8c52-ee059f14e852,1,3,disputed,challenges,shivekkhurana.com,https://shivekkhurana.com/blog/sqlite-in-production/,commentary,Notes that SQLite fails with lock errors as soon as write concurrency exceeds one.,,,
t08_ev/c1/e1/ev-2c86c0df9d6f,t08_ev,b5d24816-bef7-4960-94a9-fc2848712d3b,1,1,supported,supports,theicct.org,https://theicct.org/publication/electric-cars-life-cycle-analysis-emissions-europe-jul25/,primary,Reports that EU life-cycle emissions for battery electric vehicles are 63 g CO2e/km compared to 235 g CO2e/km for gasoline cars (a 73% reduction).,,,
t08_ev/c1/e1/ev-7847753c9c44,t08_ev,b5d24816-bef7-4960-94a9-fc2848712d3b,1,1,supported,supports,recurrentauto.com,https://www.recurrentauto.com/research/just-how-dirty-is-your-ev,commentary,"States that over the entire vehicle lifetime, electric cars produce 110 grams of CO2 per mile compared to 410 grams for gasoline cars.",,,
t08_ev/c1/e1/ev-c1ac0356bdd8,t08_ev,b5d24816-bef7-4960-94a9-fc2848712d3b,1,1,supported,supports,nature.com,https://www.nature.com/articles/s44458-025-00032-4,primary,Finds that electrifying light vehicles in the US yields a 59% reduction in life-cycle emissions across all modeled scenarios.,,,
t08_ev/c1/e1/ev-20b9fa3c2122,t08_ev,b5d24816-bef7-4960-94a9-fc2848712d3b,1,1,supported,supports,transportationenergy.org,https://www.transportationenergy.org/resources/the-commute/life-cycle-carbon-emissions-of-electric-and-combus,commentary,"Calculates that battery electric vehicles emit 41% less carbon over a 200,000-mile lifetime than comparable internal combustion engine vehicles.",,,
t08_ev/c1/e1/ev-a74865b09b8f,t08_ev,b5d24816-bef7-4960-94a9-fc2848712d3b,1,1,supported,supports,science.org,https://www.science.org/doi/10.1126/science.adv5441,primary,Reports academic consensus that life-cycle studies show battery electric vehicles achieve substantial CO2 reductions compared to combustion vehicles.,,,
t08_ev/c1/e1/ev-1bb7f173d5a6,t08_ev,b5d24816-bef7-4960-94a9-fc2848712d3b,1,1,supported,supports,nature.com,https://www.nature.com/articles/s41598-026-38471-1,primary,"Shows that even with a coal-heavy grid and cold climate in China, BEVs emit 14.2% to 25.3% fewer greenhouse gases than gasoline vehicles.",,,
t08_ev/c1/e1/ev-196c16e67cbe,t08_ev,b5d24816-bef7-4960-94a9-fc2848712d3b,1,1,supported,supports,climate.mit.edu,https://climate.mit.edu/ask-mit/how-much-co2-emitted-manufacturing-batteries,commentary,This analysis supports the claim that driving an electric car releases less CO2 than driving a gas-powered car over its lifecycle.,,,
t08_ev/c1/e1/ev-0d3b56922d00,t08_ev,b5d24816-bef7-4960-94a9-fc2848712d3b,1,1,supported,supports,blog.ucs.org,https://blog.ucs.org/dave-reichmuth/how-much-cleaner-is-your-ev-than-a-gasoline-car/,primary,This primary data source confirms that driving the average electric vehicle produces fewer global warming emissions and is better on climate-changing emissions.,,,
t08_ev/c1/e2/ev-0205b0fdd8ff,t08_ev,b5d24816-bef7-4960-94a9-fc2848712d3b,1,2,supported,supports,factcheck.org,https://www.factcheck.org/2024/02/electric-vehicles-contribute-fewer-emissions-than-gasoline-powered-cars-over-their-lifetimes/,reporting,Confirms electric vehicles release fewer lifetime emissions even after accounting for the energy required to manufacture batteries.,,,
t08_ev/c1/e2/ev-edf2c81bddbf,t08_ev,b5d24816-bef7-4960-94a9-fc2848712d3b,1,2,supported,supports,epa.gov,https://www.epa.gov/greenvehicles/electric-vehicle-myths,primary,"States that total lifetime greenhouse gas emissions from EV manufacturing, charging, and driving are lower than those of gasoline cars.",,,
t08_ev/c1/e2/ev-0d19ce309ff7,t08_ev,b5d24816-bef7-4960-94a9-fc2848712d3b,1,2,supported,supports,theguardian.com,https://www.theguardian.com/business/2023/dec/23/do-electric-cars-really-produce-fewer-carbon-emissions-than-petrol-or-diesel-vehicles,reporting,"Notes that higher manufacturing emissions (50-70% higher) are offset within about two years or 70,000 km of driving.",,,
t08_ev/c1/e2/ev-1e35c6b4aee1,t08_ev,b5d24816-bef7-4960-94a9-fc2848712d3b,1,2,supported,supports,blog.ucs.org,https://blog.ucs.org/dave-reichmuth/epa-stopped-updating-the-data-behind-electric-vehicle-emissions-the-numbers-still-show-evs-are-winners/,commentary,"Reports that the extra energy required for building an EV is recovered in under 18,000 miles of driving.",,,
t08_ev/c1/e2/ev-1fdbafd4debe,t08_ev,b5d24816-bef7-4960-94a9-fc2848712d3b,1,2,supported,supports,eurekalert.org,https://www.eurekalert.org/news-releases/1102315,reporting,"Details that while EVs have 30% higher initial emissions due to production, cumulative emissions become lower than gasoline vehicles after two years.",,,
t08_ev/c1/e2/ev-89bb503eeb39,t08_ev,b5d24816-bef7-4960-94a9-fc2848712d3b,1,2,supported,supports,connectsci.au,https://connectsci.au/news/news-parent/7001/Electric-vehicles-emissions-outperform-petrol-cars,reporting,Confirms EV lifecycle emissions outperform petrol cars after the first two years of operation despite higher upfront production emissions.,,,
t08_ev/c1/e3/ev-d697a509eb47,t08_ev,b5d24816-bef7-4960-94a9-fc2848712d3b,1,3,supported,supports,transportenvironment.org,https://www.transportenvironment.org/articles/electric-vehicles-are-far-better-than-combustion-engine-cars-when-it-comes-to-air-pollution-heres-why,commentary,Confirms switching from internal combustion engine vehicles to BEVs eliminates direct tailpipe pollutants including nitrogen oxides (NOx).,,,
t08_ev/c1/e3/ev-c72b0732c895,t08_ev,b5d24816-bef7-4960-94a9-fc2848712d3b,1,3,supported,supports,afdc.energy.gov,https://afdc.energy.gov/vehicles/electric-emissions,primary,Notes all-electric vehicles produce zero tailpipe or direct evaporative emissions during operation.,,,
t08_ev/c1/e3/ev-6716d9b657f8,t08_ev,b5d24816-bef7-4960-94a9-fc2848712d3b,1,3,supported,supports,epa.gov,https://www.epa.gov/greenvehicles/greenhouse-gas-emissions-typical-passenger-vehicle,primary,States that electric vehicles operate with an electric motor and do not emit tailpipe emissions.,,,
t09_sqlite_url/c1/e1/ev-e68b3db1d678,t09_sqlite_url,6fc1ddb2-264e-4517-9bc1-1853505d1e06,1,1,supported,supports,drupal.org,https://www.drupal.org/node/2769027,primary,Confirms that support for WAL in SQLite is available starting from version 3.7.0.,,,
t09_sqlite_url/c1/e1/ev-db950fc9865f,t09_sqlite_url,6fc1ddb2-264e-4517-9bc1-1853505d1e06,1,1,supported,supports,digitalinvestigation.wordpress.com,https://digitalinvestigation.wordpress.com/2012/05/04/the-forensic-implications-of-sqlites-write-ahead-log/,commentary,Affirms that the Write Ahead Log journaling mechanism was introduced from version 3.7.0.,,,
t09_sqlite_url/c1/e1/ev-3fe1877e9cb7,t09_sqlite_url,6fc1ddb2-264e-4517-9bc1-1853505d1e06,1,1,supported,supports,loc.gov,https://www.loc.gov/preservation/digital/formats/fdd/fdd000461.shtml,primary,"States that starting with version 3.7.0, SQLite has supported the write-ahead log mechanism.",,,
t09_sqlite_url/c1/e1/ev-rec-e2_6_1623c89e,t09_sqlite_url,6fc1ddb2-264e-4517-9bc1-1853505d1e06,1,1,supported,supports,tech-insider.org,https://tech-insider.org/sqlite-vs-mysql-2026/,commentary,"States that SQLite's WAL (Write-Ahead Logging) mode was introduced in version 3.7.0, confirming the element.",,,
t09_sqlite_url/c1/e2/ev-rec-e2_4_159f8b0c,t09_sqlite_url,6fc1ddb2-264e-4517-9bc1-1853505d1e06,1,2,unresolved,supports,theregister.com,https://www.theregister.com/databases/2026/08/12/deeply-buried-16-year-old-sqlite-bug-caused-last-years-tailscale-outages/5287004,reporting,Confirms version 3.7.0 of SQLite was released in July 2010.,,,
t09_sqlite_url/c2/e1/ev-2feb7dcca39c,t09_sqlite_url,6fc1ddb2-264e-4517-9bc1-1853505d1e06,2,1,supported,supports,github.com,https://github.com/Agoric/agoric-sdk/issues/7069,primary,"States that by default, SQLite performs an automatic checkpoint when reaching 1000 pages.",,,
t09_sqlite_url/c2/e1/ev-f3c97123d356,t09_sqlite_url,6fc1ddb2-264e-4517-9bc1-1853505d1e06,2,1,supported,supports,powersync.com,https://powersync.com/blog/sqlite-optimizations-for-ultra-high-performance,commentary,"Confirms that by default, WAL checkpointing occurs once the WAL exceeds 1,000 pages.",,,
t09_sqlite_url/c2/e1/ev-rec-e2_4_4c6a0432,t09_sqlite_url,6fc1ddb2-264e-4517-9bc1-1853505d1e06,2,1,supported,supports,coddy.tech,https://coddy.tech/docs/sqlite/wal-mode-and-concurrency,primary,"States that SQLite checkpoints automatically when the WAL passes approximately 1000 pages, matching the default wal_autocheckpoint.",,,
t09_sqlite_url/c2/e2/ev-267302cd92e7,t09_sqlite_url,6fc1ddb2-264e-4517-9bc1-1853505d1e06,2,2,unresolved,supports,avi.im,https://avi.im/blag/2025/sqlite-fsync/,commentary,Confirms that under default settings SQLite operates in rollback journal mode and returns delete.,,,
t09_sqlite_url/c2/e2/ev-rec-e2_2_02b5f8a4,t09_sqlite_url,6fc1ddb2-264e-4517-9bc1-1853505d1e06,2,2,unresolved,supports,superuser.com,https://superuser.com/questions/1938008/why-is-sqlite-wal-mode-so-much-faster-than-default-delete-mode-for-concurrent-wr,commentary,States that the default journaling mode of SQLite was set to DELETE.,,,
t09_sqlite_url/c2/e3/ev-a7bbc0e5fe82,t09_sqlite_url,6fc1ddb2-264e-4517-9bc1-1853505d1e06,2,3,disputed,supports,news.ycombinator.com,https://news.ycombinator.com/item?id=32581375,commentary,Confirms that setting PRAGMA journal_mode=wal permanently changes the mode for that database file.,,,
t09_sqlite_url/c2/e3/ev-e9d97aabd926,t09_sqlite_url,6fc1ddb2-264e-4517-9bc1-1853505d1e06,2,3,disputed,supports,til.simonwillison.net,https://til.simonwillison.net/sqlite/enabling-wal-mode,commentary,Explains that journal_mode is persistent specifically for WAL mode across sessions.,,,
t09_sqlite_url/c2/e3/ev-rec-e3_6_358a01b1,t09_sqlite_url,6fc1ddb2-264e-4517-9bc1-1853505d1e06,2,3,disputed,supports,freebsdsoftware.org,https://freebsdsoftware.org/blog/sqlite-freebsd-review.html,commentary,States that WAL mode is persistent once enabled and remains active until explicitly changed.,,,
t09_sqlite_url/c2/e3/ev-rec-e3_6_ef3318a4,t09_sqlite_url,6fc1ddb2-264e-4517-9bc1-1853505d1e06,2,3,disputed,supports,linuxcapable.com,https://linuxcapable.com/how-to-install-sqlite-on-arch-linux/,commentary,"Confirms that WAL mode persists per database after it is enabled, remaining active after reopening the database.",,,
t09_sqlite_url/c2/e3/ev-rec-e3_4_f0ed8242,t09_sqlite_url,6fc1ddb2-264e-4517-9bc1-1853505d1e06,2,3,disputed,challenges,litestream.io,https://litestream.io/v0.3/tips/,primary,States that PRAGMA settings like journal_mode must be set on each database connection because they do not persist across connections.,,,
t09_sqlite_url/c3/e2/ev-513ce89951c2,t09_sqlite_url,6fc1ddb2-264e-4517-9bc1-1853505d1e06,3,2,supported,supports,compathub.com,https://compathub.com/software/sqlite/3.22,commentary,"Confirms that SQLite version 3.22.0 was released on January 22, 2018.",,,
t09_sqlite_url/c3/e2/ev-rec-e2_4_21824e58,t09_sqlite_url,6fc1ddb2-264e-4517-9bc1-1853505d1e06,3,2,supported,supports,community.chocolatey.org,https://community.chocolatey.org/packages/SQLite,primary,"States that SQLite version 3.22.0 was approved/released on Tuesday, January 23, 2018, which conflicts slightly with the claimed January 22 date, but FreshPorts and chocolatey log entries place the release around January 22-23, 2018.",,,
t11_inflation/c1/e1/ev-f6b638871e47,t11_inflation,b63a6a69-aa6b-4b0b-89da-555e723f7e6a,1,1,disputed,challenges,bankofcanada.ca,https://www.bankofcanada.ca/2025/10/difference-between-price-level-and-inflation/,primary,"Explains that inflation specifically measures the rate of change in prices over a period rather than absolute price levels, directly contradicting the claim.",,,
t11_inflation/c1/e1/ev-53f02185c498,t11_inflation,b63a6a69-aa6b-4b0b-89da-555e723f7e6a,1,1,disputed,challenges,public.com,https://public.com/learn/inflation-rate-formula,commentary,States that the inflation rate measures how fast prices rise over time rather than representing an absolute change in the general price level.,,,
t11_inflation/c1/e1/ev-745c3d5a9c10,t11_inflation,b63a6a69-aa6b-4b0b-89da-555e723f7e6a,1,1,disputed,challenges,federalreserve.gov,https://www.federalreserve.gov/faqs/economy_14419.htm?s=cl,primary,"Defines inflation as the increase in prices of goods and services over time, confirming it is a rate of change.",,,
t11_inflation/c1/e1/ev-2150b6f4fb7a,t11_inflation,b63a6a69-aa6b-4b0b-89da-555e723f7e6a,1,1,disputed,supports,federalreserveeducation.org,https://www.federalreserveeducation.org/resources/lessons/lesson--inflation-rate-is-falling.pdf,primary,"The classroom activity title explicitly demonstrates that a falling inflation rate does not mean prices themselves fall, supporting the idea that inflation is the rate of change rather than the absolute level.",,,
t12_venus_image/c1/e1/ev-14c453e3dce5,t12_venus_image,13ed71a6-73e7-4fe0-8021-d301cde7bf50,1,1,supported,supports,ebsco.com,https://www.ebsco.com/research-starters/astronomy-and-astrophysics/venuss-atmosphere,primary,"States that the greenhouse effect raises Venus's surface temperatures to around 740 K (467 °C), confirming it has a measurable surface temperature.",,,
t12_venus_image/c1/e1/ev-1fd6a682054b,t12_venus_image,13ed71a6-73e7-4fe0-8021-d301cde7bf50,1,1,supported,supports,nature.com,https://www.nature.com/articles/s41598-018-38117-x,primary,Reports scientific measurements of Venus's global average nightside surface temperature at approximately 698 K.,,,
t12_venus_image/c1/e1/ev-8d8e42ecb361,t12_venus_image,13ed71a6-73e7-4fe0-8021-d301cde7bf50,1,1,supported,supports,climate.mit.edu,https://climate.mit.edu/ask-mit/what-makes-climate-venus-so-hot,commentary,Documents that Venus has an average measured surface temperature exceeding 450 °C (840 °F).,,,
t12_venus_image/c1/e1/ev-604637313999,t12_venus_image,13ed71a6-73e7-4fe0-8021-d301cde7bf50,1,1,supported,supports,reddit.com,https://www.reddit.com/r/space/comments/1ep2gd/one_of_the_first_photos_of_the_surface_of_venus/,commentary,"The evidence provides a specific measurable surface temperature value for Venus, supporting the element that Venus possesses a measurable surface temperature.",,,
t12_venus_image/c1/e3/ev-fe24ffebe866,t12_venus_image,13ed71a6-73e7-4fe0-8021-d301cde7bf50,1,3,supported,supports,science.nasa.gov,https://science.nasa.gov/venus/,primary,Directly confirms that Venus is the hottest planet in our solar system.,,,
t12_venus_image/c1/e3/ev-22b457bf6120,t12_venus_image,13ed71a6-73e7-4fe0-8021-d301cde7bf50,1,3,supported,supports,science.nasa.gov,https://science.nasa.gov/resource/solar-system-temperatures/,primary,NASA data confirms Venus is the solar system's hottest planet with a mean surface temperature of 867 °F (464 °C).,,,
t12_venus_image/c1/e3/ev-bb86ce72ee6d,t12_venus_image,13ed71a6-73e7-4fe0-8021-d301cde7bf50,1,3,supported,supports,science.nasa.gov,https://science.nasa.gov/venus/venus-facts/,primary,NASA official source states Venus is the hottest planet in our solar system with surface temperatures around 872 °F (467 °C).,,,
t12_venus_image/c1/e3/ev-158c84c69cd6,t12_venus_image,13ed71a6-73e7-4fe0-8021-d301cde7bf50,1,3,supported,supports,planetary.org,https://www.planetary.org/worlds/venus,commentary,"States that Venus has the hottest surface of any planet in the Solar System, averaging 470 °C.",,,
t12_venus_image/c1/e3/ev-aba751eb759c,t12_venus_image,13ed71a6-73e7-4fe0-8021-d301cde7bf50,1,3,supported,supports,nature.com,https://www.nature.com/articles/s44172-026-00647-y,primary,"Academic research confirms Venus is the hottest planet in the Solar System, sustaining an average surface temperature of 464 °C.",,,
t12_venus_image/c1/e3/ev-4f4acedeeca3,t12_venus_image,13ed71a6-73e7-4fe0-8021-d301cde7bf50,1,3,supported,supports,reddit.com,https://www.reddit.com/r/explainlikeimfive/comments/vc0n1g/eli5_why_is_venus_hotter_than_mercury/,commentary,"The evidence explains that Venus retains more heat than Mercury due to greenhouse gases, supporting the claim that its temperature is higher than other planets.",,,
t13_sweden/c1/e1/ev-9ffa8d538702,t13_sweden,e846546a-43eb-41ec-9419-381013abe81b,1,1,supported,supports,preventionweb.net,https://www.preventionweb.net/news/did-swedens-controversial-covid-strategy-pay-many-ways-it-did-it-let-elderly-down,commentary,Confirms Sweden avoided general lockdowns and instead used voluntary public health recommendations.,,,
t13_sweden/c1/e1/ev-842a98804320,t13_sweden,e846546a-43eb-41ec-9419-381013abe81b,1,1,supported,supports,nature.com,https://www.nature.com/articles/s41598-023-45934-2,primary,States that Sweden decided not to implement a mandatory lockdown between February and September 2020.,,,
t13_sweden/c1/e1/ev-0ef47dcd1457,t13_sweden,e846546a-43eb-41ec-9419-381013abe81b,1,1,supported,supports,bbc.com,https://www.bbc.com/future/article/20250304-the-countries-that-never-locked-down-for-covid-19,reporting,Identifies Sweden as one of the countries that never enacted legally binding stay-at-home lockdown orders.,,,
t13_sweden/c1/e2/ev-842a98804320,t13_sweden,e846546a-43eb-41ec-9419-381013abe81b,1,2,disputed,challenges,nature.com,https://www.nature.com/articles/s41598-023-45934-2,primary,"Finds that not imposing a mandatory lockdown increased Swedish mortality and estimated up to 4,411 deaths could have been avoided with a lockdown.",,,
t13_sweden/c1/e3/ev-9ffa8d538702,t13_sweden,e846546a-43eb-41ec-9419-381013abe81b,1,3,disputed,challenges,preventionweb.net,https://www.preventionweb.net/news/did-swedens-controversial-covid-strategy-pay-many-ways-it-did-it-let-elderly-down,commentary,"Notes that Norway had lower excess mortality than Sweden during the first two pandemic years, contradicting the claim that Sweden had lower mortality than every other European country.",,,
t13_sweden/c1/e3/ev-db780f394c50,t13_sweden,e846546a-43eb-41ec-9419-381013abe81b,1,3,disputed,challenges,link.springer.com,https://link.springer.com/article/10.1186/s13690-025-01531-5,primary,Finds that cumulative excess mortality from January 2020 to April 2022 was lowest in Iceland rather than Sweden.,,,
t13_sweden/c1/e3/ev-1ad667455370,t13_sweden,e846546a-43eb-41ec-9419-381013abe81b,1,3,disputed,challenges,portal.research.lu.se,https://portal.research.lu.se/en/publications/swedens-excess-mortality-in-20202022-and-reporting-in-the-media,primary,Data showing Sweden had higher total excess mortality than Norway contradicts the claim that Sweden had lower cumulative excess mortality than every other European country.,,,
t13_sweden/c1/e3/ev-818d6871061b,t13_sweden,e846546a-43eb-41ec-9419-381013abe81b,1,3,disputed,challenges,en.wikipedia.org,https://en.wikipedia.org/wiki/COVID-19_pandemic_in_Sweden,primary,Data showing Sweden ranks 30th out of 47 European countries in per capita deaths contradicts the claim that Sweden had lower mortality than every other European country.,,,
t14_bankrate_375/c1/e1/ev-188f8f5d5d9b,t14_bankrate_375,9db45e16-9b1b-45ce-872a-560c2184b697,1,1,supported,supports,titanwci.com,https://www.titanwci.com/news-insights/2026/september/meet-the-committee-behind-uk-interest-rates/,commentary,States that current Bank of England interest rates are 3.75%.,,,
t14_bankrate_375/c1/e1/ev-7212239c72ba,t14_bankrate_375,9db45e16-9b1b-45ce-872a-560c2184b697,1,1,supported,supports,cambridgecurrencies.com,https://cambridgecurrencies.com/next-bank-of-england-interest-rate-decision/,reporting,Reports the Bank of England held the Bank Rate at 3.75% on 30 July 2026 and confirms the current UK interest rate is 3.75%.,,,
t14_bankrate_375/c1/e1/ev-53fa1f6d1a26,t14_bankrate_375,9db45e16-9b1b-45ce-872a-560c2184b697,1,1,supported,supports,theguardian.com,https://www.theguardian.com/business/live/2026/sep/08/oil-price-approaches-100-a-barrel-saudi-attacks-bank-of-england-latest-news-updates?CMP=share_btn_url&page=with%3Ablock-6a9fa3a38f08b1fc6ac22c25,reporting,Notes the Bank of England's recent decision to hold the Bank Rate at 3.75%.,,,
t14_bankrate_375/c1/e1/ev-7774ffde2805,t14_bankrate_375,9db45e16-9b1b-45ce-872a-560c2184b697,1,1,supported,supports,inews.co.uk,https://inews.co.uk/inews-lifestyle/money/property-and-mortgages/mortgage-rate-warning-more-price-rises-expected-4747123?srsltid=AfmBOooOygwdhoyVPlhD6oKTIL75tq7uZrCI9lyFF8hl2wne9nMLDHdM,reporting,Reports that the Bank of England interest rate currently sits at 3.75%.,,,
t14_bankrate_375/c1/e2/ev-7212239c72ba,t14_bankrate_375,9db45e16-9b1b-45ce-872a-560c2184b697,1,2,supported,supports,cambridgecurrencies.com,https://cambridgecurrencies.com/next-bank-of-england-interest-rate-decision/,reporting,Explicitly states that the next Bank of England interest rate decision is scheduled for Thursday 17 September 2026.,,,
t14_bankrate_375/c1/e2/ev-3fad8d76706e,t14_bankrate_375,9db45e16-9b1b-45ce-872a-560c2184b697,1,2,supported,supports,independent.co.uk,https://www.independent.co.uk/money/best-cash-isas-savings-accounts-september-2026-b3047053.html,commentary,Confirms the Bank of England is set to vote on interest rates on 17 September.,,,
